{
    "type": "minecraft:crafting_shapeless",
    "ingredients": [
        {
            "item": "minecraft:deepslate"
        },
        {
            "item": "minecraft:phantom_membrane"
        },
        {
            "item": "minecraft:glowstone"
        },
        {
            "item": "minecraft:redstone_block"
        },
        {
            "item": "minecraft:stone"
        },
        {
            "item": "minecraft:stick"
        },
        {
            "item": "minecraft:glowstone"
        }
    ],
    "result": {
        "item": "minecraft:knowledge_book",
        "count": 1
    }
}