{
  "pools": [
    {
      "rolls": 1,
      "entries": [
        {
          "type": "minecraft:loot_table",
          "name": "traptrix_spawn:mt_equip_head",
          "weight": 1
        },
        {
          "type": "minecraft:loot_table",
          "name": "traptrix_spawn:mt_equip_chestplate",
          "weight": 1
        },
        {
          "type": "minecraft:loot_table",
          "name": "traptrix_spawn:mt_equip_legs",
          "weight": 1
        },
        {
          "type": "minecraft:loot_table",
          "name": "traptrix_spawn:mt_equip_feet",
          "weight": 1
        },
        {
          "type": "minecraft:loot_table",
          "name": "traptrix_spawn:mt_equip_mainhand",
          "weight": 2
        }
      ]
    }
  ]
}
