{
  "type": "minecraft:generic",
  "pools": [
    {
      "rolls": 1,
      "entries": [
        {
          "type": "minecraft:item",
          "name": "minecraft:bow",
          "functions": [
            {
              "function": "minecraft:set_nbt",
              "tag": "{mt_equipment_part:mainhand,mt_pet_equipment:1b,tts_bow:1b,tts_bow_effect:0,Enchantments:[{lvl:1,id:punch}],display:{Name:'[\"\",{\"text\":\"蟲惑魔弓\",\"italic\":false,\"color\":\"white\"}]',Lore:['[{\"text\":\"effect: \",\"italic\":false,\"color\":\"gray\"},{\"translate\":\"effect.minecraft.instant_damage\"}]']}}"
            }
          ]
        }
      ]
    }
  ]
}