[
  {
    "function": "minecraft:set_lore",
    "entity": "this",
    "lore": [
      [
        {
          "text": "  ",
          "color": "white",
          "italic": false
        },
        {
          "text": "【足装備】 ",
          "color": "blue",
          "italic": false
        },
        {
          "translate": "item.minecraft.leather_boots"
        }
      ]
    ],
    "replace": false,
    "conditions": [
      {
        "condition": "minecraft:entity_properties",
        "entity": "this",
        "predicate": {
          "equipment": {
            "feet": {
              "items": [
                "minecraft:leather_boots"
              ]
            }
          }
        }
      }
    ]
  },
  {
    "function": "minecraft:set_lore",
    "entity": "this",
    "lore": [
      [
        {
          "text": "  ",
          "color": "white",
          "italic": false
        },
        {
          "text": "【足装備】 ",
          "color": "blue",
          "italic": false
        },
        {
          "translate": "item.minecraft.iron_boots"
        }
      ]
    ],
    "replace": false,
    "conditions": [
      {
        "condition": "minecraft:entity_properties",
        "entity": "this",
        "predicate": {
          "equipment": {
            "feet": {
              "items": [
                "minecraft:iron_boots"
              ]
            }
          }
        }
      }
    ]
  },
  {
    "function": "minecraft:set_lore",
    "entity": "this",
    "lore": [
      [
        {
          "text": "  ",
          "color": "white",
          "italic": false
        },
        {
          "text": "【足装備】 ",
          "color": "blue",
          "italic": false
        },
        {
          "translate": "item.minecraft.golden_boots"
        }
      ]
    ],
    "replace": false,
    "conditions": [
      {
        "condition": "minecraft:entity_properties",
        "entity": "this",
        "predicate": {
          "equipment": {
            "feet": {
              "items": [
                "minecraft:golden_boots"
              ]
            }
          }
        }
      }
    ]
  },
  {
    "function": "minecraft:set_lore",
    "entity": "this",
    "lore": [
      [
        {
          "text": "  ",
          "color": "white",
          "italic": false
        },
        {
          "text": "【足装備】 ",
          "color": "blue",
          "italic": false
        },
        {
          "translate": "item.minecraft.diamond_boots"
        }
      ]
    ],
    "replace": false,
    "conditions": [
      {
        "condition": "minecraft:entity_properties",
        "entity": "this",
        "predicate": {
          "equipment": {
            "feet": {
              "items": [
                "minecraft:diamond_boots"
              ]
            }
          }
        }
      }
    ]
  },
  {
    "function": "minecraft:set_lore",
    "entity": "this",
    "lore": [
      [
        {
          "text": "  ",
          "color": "white",
          "italic": false
        },
        {
          "text": "【足装備】 ",
          "color": "blue",
          "italic": false
        },
        {
          "translate": "item.minecraft.netherite_boots"
        }
      ]
    ],
    "replace": false,
    "conditions": [
      {
        "condition": "minecraft:entity_properties",
        "entity": "this",
        "predicate": {
          "equipment": {
            "feet": {
              "items": [
                "minecraft:netherite_boots"
              ]
            }
          }
        }
      }
    ]
  },
  {
    "function": "minecraft:set_lore",
    "entity": "this",
    "lore": [
      [
        {
          "text": "  ",
          "color": "white",
          "italic": false
        },
        {
          "text": "【足装備】 ",
          "color": "blue",
          "italic": false
        },
        {
          "translate": "item.minecraft.chainmail_boots"
        }
      ]
    ],
    "replace": false,
    "conditions": [
      {
        "condition": "minecraft:entity_properties",
        "entity": "this",
        "predicate": {
          "equipment": {
            "feet": {
              "items": [
                "minecraft:chainmail_boots"
              ]
            }
          }
        }
      }
    ]
  }
]
