[
  {
    "function": "minecraft:set_lore",
    "entity": "this",
    "lore": [
      [
        {
          "text": "  【",
          "color": "blue",
          "italic": false
        },
        {
          "text": "メインハンド",
          "color": "blue",
          "italic": false
        },
        {
          "text": "】 ",
          "color": "blue",
          "italic": false
        },
        {
          "translate": "item.minecraft.shield"
        }
      ]
    ],
    "replace": false,
    "conditions": [
      {
        "condition": "minecraft:entity_properties",
        "entity": "this",
        "predicate": {
          "equipment": {
            "mainhand": {
              "items": [
                "minecraft:shield"
              ]
            }
          }
        }
      }
    ]
  },
  {
    "function": "minecraft:set_lore",
    "entity": "this",
    "lore": [
      [
        {
          "text": "  【",
          "color": "blue",
          "italic": false
        },
        {
          "text": "メインハンド",
          "color": "blue",
          "italic": false
        },
        {
          "text": "】 ",
          "color": "blue",
          "italic": false
        },
        {
          "translate": "item.minecraft.bow"
        }
      ]
    ],
    "replace": false,
    "conditions": [
      {
        "condition": "minecraft:entity_properties",
        "entity": "this",
        "predicate": {
          "equipment": {
            "mainhand": {
              "items": [
                "minecraft:bow"
              ]
            }
          }
        }
      }
    ]
  },
  {
    "function": "minecraft:set_lore",
    "entity": "this",
    "lore": [
      [
        {
          "text": "  【",
          "color": "blue",
          "italic": false
        },
        {
          "text": "メインハンド",
          "color": "blue",
          "italic": false
        },
        {
          "text": "】 ",
          "color": "blue",
          "italic": false
        },
        {
          "translate": "item.minecraft.crossbow"
        }
      ]
    ],
    "replace": false,
    "conditions": [
      {
        "condition": "minecraft:entity_properties",
        "entity": "this",
        "predicate": {
          "equipment": {
            "mainhand": {
              "items": [
                "minecraft:crossbow"
              ]
            }
          }
        }
      }
    ]
  },
  {
    "function": "minecraft:set_lore",
    "entity": "this",
    "lore": [
      [
        {
          "text": "  【",
          "color": "blue",
          "italic": false
        },
        {
          "text": "メインハンド",
          "color": "blue",
          "italic": false
        },
        {
          "text": "】 ",
          "color": "blue",
          "italic": false
        },
        {
          "translate": "item.minecraft.trident"
        }
      ]
    ],
    "replace": false,
    "conditions": [
      {
        "condition": "minecraft:entity_properties",
        "entity": "this",
        "predicate": {
          "equipment": {
            "mainhand": {
              "items": [
                "minecraft:trident"
              ]
            }
          }
        }
      }
    ]
  },
  {
    "function": "minecraft:set_lore",
    "entity": "this",
    "lore": [
      [
        {
          "text": "  【",
          "color": "blue",
          "italic": false
        },
        {
          "text": "メインハンド",
          "color": "blue",
          "italic": false
        },
        {
          "text": "】 ",
          "color": "blue",
          "italic": false
        },
        {
          "translate": "item.minecraft.firework_rocket"
        }
      ]
    ],
    "replace": false,
    "conditions": [
      {
        "condition": "minecraft:entity_properties",
        "entity": "this",
        "predicate": {
          "equipment": {
            "mainhand": {
              "items": [
                "minecraft:firework_rocket"
              ]
            }
          }
        }
      }
    ]
  }
]
