{
  "display": {
    "title": "30 different mob tames",
    "description": [
      {
        "text": "\u3010Reward\u3011Additional trading of equipment for pets",
        "color": "light_purple"
      },
      {
        "text": " (",
        "color": "green"
      },
      {
        "translate": "item.minecraft.wooden_pickaxe",
        "color": "green"
      },
      {
        "text": ", ",
        "color": "green"
      },
      {
        "translate": "item.minecraft.wooden_shovel",
        "color": "green"
      },
      {
        "text": ", ",
        "color": "green"
      },
      {
        "translate": "item.minecraft.golden_pickaxe",
        "color": "green"
      },
      {
        "text": ", ",
        "color": "green"
      },
      {
        "translate": "item.minecraft.golden_shovel",
        "color": "green"
      },
      {
        "text": ", ",
        "color": "green"
      },
      {
        "translate": "item.minecraft.golden_helmet",
        "color": "green"
      },
      {
        "text": ", ",
        "color": "green"
      },
      {
        "translate": "item.minecraft.golden_chestplate",
        "color": "green"
      },
      {
        "text": ", ",
        "color": "green"
      },
      {
        "translate": "item.minecraft.golden_leggings",
        "color": "green"
      },
      {
        "text": ", ",
        "color": "green"
      },
      {
        "translate": "item.minecraft.golden_boots",
        "color": "green"
      },
      {
        "text": ") ",
        "color": "green"
      }
    ],
    "icon": {
      "item": "minecraft:golden_apple"
    }
  },
  "parent": "mobtamer:mobtamer/tame/count/20types",
  "criteria": {
    "enter": {
      "trigger": "minecraft:impossible"
    }
  },
  "rewards": {
    "function": "mobtamer:sys/player/advancement/mobtamer/tame/count/30types"
  }
}