{
  "display": {
    "title": "40 different mob tames",
    "description": [
      {
        "text": "\u3010Reward\u3011Additional trading of Silver Gacha",
        "color": "light_purple"
      }
    ],
    "icon": {
      "item": "minecraft:golden_apple"
    }
  },
  "parent": "mobtamer:mobtamer/tame/count/30types",
  "criteria": {
    "enter": {
      "trigger": "minecraft:impossible"
    }
  },
  "rewards": {
    "function": "mobtamer:sys/player/advancement/mobtamer/tame/count/40types"
  }
}