{
  "display": {
    "title": "50 different mob tames",
    "description": [
      {
        "text": "\u3010Reward\u3011Additional trading of equipment for pets",
        "color": "light_purple"
      },
      {
        "text": " (",
        "color": "green"
      },
      {
        "translate": "item.minecraft.stone_hoe",
        "color": "green"
      },
      {
        "text": ", ",
        "color": "green"
      },
      {
        "translate": "item.minecraft.stone_pickaxe",
        "color": "green"
      },
      {
        "text": ", ",
        "color": "green"
      },
      {
        "translate": "item.minecraft.stone_pickaxe",
        "color": "green"
      },
      {
        "text": ", ",
        "color": "green"
      },
      {
        "translate": "item.minecraft.chainmail_helmet",
        "color": "green"
      },
      {
        "text": ", ",
        "color": "green"
      },
      {
        "translate": "item.minecraft.chainmail_chestplate",
        "color": "green"
      },
      {
        "text": ", ",
        "color": "green"
      },
      {
        "translate": "item.minecraft.chainmail_leggings",
        "color": "green"
      },
      {
        "text": ", ",
        "color": "green"
      },
      {
        "translate": "item.minecraft.chainmail_boots",
        "color": "green"
      },
      {
        "text": ") ",
        "color": "green"
      }
    ],
    "icon": {
      "item": "minecraft:golden_apple"
    }
  },
  "parent": "mobtamer:mobtamer/tame/count/40types",
  "criteria": {
    "enter": {
      "trigger": "minecraft:impossible"
    }
  },
  "rewards": {
    "function": "mobtamer:sys/player/advancement/mobtamer/tame/count/50types"
  }
}