{
  "display": {
    "title": "60 different mob tames",
    "description": [
      {
        "text": "\u3010Reward\u3011Additional trading of equipment for pets",
        "color": "light_purple"
      },
      {
        "text": " (",
        "color": "green"
      },
      {
        "translate": "item.minecraft.wooden_sword",
        "color": "green"
      },
      {
        "text": ", ",
        "color": "green"
      },
      {
        "translate": "item.minecraft.golden_sword",
        "color": "green"
      },
      {
        "text": ", ",
        "color": "green"
      },
      {
        "translate": "item.minecraft.stone_sword",
        "color": "green"
      },
      {
        "text": ") ",
        "color": "green"
      },
      {
        "text": ", Additional trading of Gold Gacha",
        "color": "light_purple"
      }
    ],
    "icon": {
      "item": "minecraft:golden_apple"
    }
  },
  "parent": "mobtamer:mobtamer/tame/count/50types",
  "criteria": {
    "enter": {
      "trigger": "minecraft:impossible"
    }
  },
  "rewards": {
    "function": "mobtamer:sys/player/advancement/mobtamer/tame/count/60types"
  }
}