{
  "display": {
    "title": "70 different mob tames",
    "description": [
      {
        "text": "\u3010Reward\u3011Additional trading of equipment for pets",
        "color": "light_purple"
      },
      {
        "text": " (",
        "color": "green"
      },
      {
        "translate": "item.minecraft.iron_hoe",
        "color": "green"
      },
      {
        "text": ", ",
        "color": "green"
      },
      {
        "translate": "item.minecraft.iron_pickaxe",
        "color": "green"
      },
      {
        "text": ", ",
        "color": "green"
      },
      {
        "translate": "item.minecraft.iron_shovel",
        "color": "green"
      },
      {
        "text": ", ",
        "color": "green"
      },
      {
        "translate": "item.minecraft.iron_sword",
        "color": "green"
      },
      {
        "text": ", ",
        "color": "green"
      },
      {
        "translate": "item.minecraft.iron_helmet",
        "color": "green"
      },
      {
        "text": ", ",
        "color": "green"
      },
      {
        "translate": "item.minecraft.iron_chestplate",
        "color": "green"
      },
      {
        "text": ", ",
        "color": "green"
      },
      {
        "translate": "item.minecraft.iron_leggings",
        "color": "green"
      },
      {
        "text": ", ",
        "color": "green"
      },
      {
        "translate": "item.minecraft.iron_boots",
        "color": "green"
      },
      {
        "text": ", ",
        "color": "green"
      },
      {
        "translate": "item.minecraft.bow",
        "color": "green"
      },
      {
        "text": ", ",
        "color": "green"
      },
      {
        "translate": "item.minecraft.crossbow",
        "color": "green"
      },
      {
        "text": ") ",
        "color": "green"
      }
    ],
    "icon": {
      "item": "minecraft:golden_apple"
    }
  },
  "parent": "mobtamer:mobtamer/tame/count/60types",
  "criteria": {
    "enter": {
      "trigger": "minecraft:impossible"
    }
  },
  "rewards": {
    "function": "mobtamer:sys/player/advancement/mobtamer/tame/count/70types"
  }
}