{
  "display": {
    "icon": {
      "item": "minecraft:cod_spawn_egg"
    },
    "title": "莉塞之蟲惑魔",
    "description": "得到「genlisea」的蛋"
  },
  "parent": "traptrix_spawn:tamer_ex",
  "criteria": {
    "inventory_changed": {
      "trigger": "minecraft:inventory_changed",
      "conditions": {
        "items": [
          {
            "items": [
              "minecraft:cod_spawn_egg"
            ],
            "nbt": "{EntityTag:{id:skeleton,CustomName:'[{\"text\":\"genlisea\"}]',PersistenceRequired:1b,Silent:1b,Tags:[\"traptrix\"],HandItems:[{id:grass,Count:1}],ArmorItems:[{},{},{},{id:acacia_button,tag:{mt_equipment_part:head,mt_pet_equipment:1b,display:{Name:'[{\"text\":\"防太陽光按鈕\",\"italic\":false}]'}},Count:1}],HandDropChances:[0f],ArmorDropChances:[0f,0f,0f,0f]},display:{Name:'[{\"text\":\"genlisea egg\",\"italic\":false}]'}}"
          }
        ]
      }
    }
  },
  "rewards": {
    "function": "traptrix_spawn:advancements/geteggs"
  }
}