{
  "display": {
    "title": [
      {
        "translate": "entity.minecraft.snow_golem"
      }
    ],
    "description": [
      {
        "text": ""
      }
    ],
    "icon": {
      "item": "minecraft:snow_golem_spawn_egg"
    },
    "announce_to_chat": false
  },
  "parent": "mobtamer:mobtamer/tame/type/overworld/human",
  "criteria": {
    "enter": {
      "trigger": "minecraft:impossible"
    }
  },
  "rewards": {
    "function": "mobtamer:sys/player/advancement/mobtamer/tame/type/snow_golem"
  }
}