[
    {
        "class":"general",
        "title":"一般設定",
        "each_player":false,
        "only_run_command":false,
        "contents":[
            {
                "name":"party_cost_max",
                "trigger":20,
                "display":{
                    "title":"パーティーのコスト上限",
                    "detail":"パーティーのコスト上限を有効とするか否か"
                },
                "states":[
                    ["1b","有効","aqua",[]],
                    ["0b","無効","gray",[]]
                ]
            },
            {
                "name":"status_variant",
                "trigger":30,
                "display":{
                    "title":"モブの個体差",
                    "detail":"テイムしたモブのステータスの個体差を有効とするか否か"
                },
                "states":[
                    ["1b","有効","aqua",[]],
                    ["0b","無効","gray",[]]
                ]
            },
            {
                "name":"exp_display",
                "trigger":40,
                "display":{
                    "title":"ペットの獲得経験値表示",
                    "detail":"ペットがモブを倒して獲得した経験値を表示するか否か"
                },
                "states":[
                    ["1b","有効","aqua",[]],
                    ["0b","無効","gray",[]]
                ]
            },
            {
                "name":"store_when_sleep",
                "trigger":50,
                "display":{
                    "title":"睡眠時のペット",
                    "detail":"睡眠可能な時間にベッドの前に立ったとき、ペットをアイテム化するか否か"
                },
                "states":[
                    ["\"only_monster\"","モンスターのペットのみアイテム化する","yellow",[]],
                    ["\"always\"","すべてのペットをアイテム化する","aqua",[]],
                    ["\"never\"","ペットをアイテム化しない","gray",[]]
                ]
            },
            {
                "name":"party_slots",
                "trigger":220,
                "display":{
                    "title":"召喚ペット数の上限",
                    "detail":"一度に召喚できるペットの数の上限"
                },
                "states":[
                    ["6","6体","aqua",["scoreboard players set $mt.sys mt.slot 6"]],
                    ["10","10体","aqua",["scoreboard players set $mt.sys mt.slot 10"]],
                    ["100","100体","aqua",["scoreboard players set $mt.sys mt.slot 100"]],
                    ["1","1体","aqua",["scoreboard players set $mt.sys mt.slot 1"]],
                    ["2","2体","aqua",["scoreboard players set $mt.sys mt.slot 2"]],
                    ["3","3体","aqua",["scoreboard players set $mt.sys mt.slot 3"]]
                ]
            },
            {
                "name":"advancement_player",
                "trigger":230,
                "display":{
                    "title":"進捗達成プレイヤー条件",
                    "detail":"テイム進捗を達成するプレイヤーの条件を変更"
                },
                "states":[
                    ["\"one\"","金のリンゴを投げたプレイヤーのみ","aqua",[]],
                    ["\"all\"","ログイン中のプレイヤー全員","aqua",[]]
                ]
            },
            {
                "name":"tame_spawn_egg_pos",
                "trigger":240,
                "display":{
                    "title":"テイム成功時の卵の位置",
                    "detail":"テイム成功時にペットがアイテム化する位置を変更"
                },
                "states":[
                    ["\"here\"","その場所に落ちる","aqua",[]],
                    ["\"player\"","金のリンゴを投げたプレイヤーが即時に獲得する","aqua",[]]
                ]
            }
        ]
    },
    {
        "class":"down",
        "title":"ダウン設定",
        "each_player":false,
        "only_run_command":false,
        "contents":[
            {
                "name":"can_store_down_pets",
                "trigger":180,
                "display":{
                    "title":"ダウン中のペットの格納",
                    "detail":"ダウン中のペットをアイテム化できるか否か"
                },
                "states":[
                    ["1b","可","aqua",[]],
                    ["0b","不可","gray",[]]
                ]
            },
            {
                "name":"auto_store_down_pet",
                "trigger":190,
                "display":{
                    "title":"ダウン時の自動格納",
                    "detail":"ダウンしたペットを自動でアイテム化するか否か"
                },
                "states":[
                    ["0b","無効","gray",[]],
                    ["1b","有効","aqua",[]]
                ]
            },
            {
                "name":"auto_store_down_pet_when_far",
                "trigger":200,
                "display":{
                    "title":"ダウンペットと離れた時",
                    "detail":"ダウン状態のペットと32ブロック以上離れたときの仕様"
                },
                "states":[
                    ["0b","何も起こらない","gray",[]],
                    ["1b","自動でアイテム化する","aqua",[]]
                ]
            },
            {
                "name":"kill_down_pet",
                "trigger":210,
                "display":{
                    "title":"ダウンしたペットの死亡",
                    "detail":"ダウン状態のペットが消滅するか否か"
                },
                "states":[
                    ["\"never\"","死亡しない","aqua",[]],
                    ["\"5min\"","5分後に死亡","red",[]],
                    ["\"20min\"","20分後に死亡","red",[]],
                    ["\"immediate\"","即座に死亡","red",[]]
                ]
            }
        ]
    },
    {
        "class":"each_player",
        "title":"プレイヤーごとの設定",
        "each_player":true,
        "only_run_command":false,
        "contents":[
            {
                "name":"baby_grow",
                "trigger":60,
                "display":{
                    "title":"子供ペットの成長",
                    "detail":"子供のペットの成長を有効とするか否か"
                },
                "states":[
                    ["0b","無効","gray",[]],
                    ["1b","有効","aqua",[]]
                ]
            },
            {
                "name":"default_strategy",
                "trigger":170,
                "display":{
                    "title":"デフォルトの作戦",
                    "detail":"ペット召喚時に適用される作戦を選択"
                },
                "states":[
                    ["\"attack\"","攻撃優先","red",[]],
                    ["\"balance\"","バランス","aqua",[]],
                    ["\"recover\"","回復優先","green",[]],
                    ["\"follow\"","追従優先","yellow",[]]
                ]
            }
        ]
    },
    {
        "class":"common_team",
        "title":"共通チーム設定",
        "each_player":false,
        "only_run_command":false,
        "contents":[
            {
                "name":"team_collition",
                "trigger":70,
                "display":{
                    "title":"チームの衝突設定",
                    "detail":"ペットを含む味方同士での衝突を有効とするか否か"
                },
                "states":[
                    ["1b","有効","aqua",["team modify mt.common collisionRule always"]],
                    ["0b","無効","gray",["team modify mt.common collisionRule pushOwnTeam"]]
                ]
            },
            {
                "name":"team_color",
                "trigger":80,
                "display":{
                    "title":"チームカラー",
                    "detail":"チームカラーの変更"
                },
                "states":[
                    ["white","ホワイト","white",["team modify mt.common color white"]],
                    ["aqua","アクア","aqua",["team modify mt.common color aqua"]],
                    ["blue","ブルー","blue",["team modify mt.common color blue"]],
                    ["green","グリーン","green",["team modify mt.common color green"]],
                    ["yellow","イエロー","yellow",["team modify mt.common color yellow"]],
                    ["gold","オレンジ","gold",["team modify mt.common color gold"]],
                    ["light_purple","パープル","light_purple",["team modify mt.common color light_purple"]],
                    ["red","レッド","red",["team modify mt.common color red"]]
                ]
            }
        ]
    },
    {
        "class":"teams",
        "title":"チーム参加",
        "each_player":false,
        "only_run_command":true,
        "contents":[
            {
                "name":"member_list",
                "trigger":90,
                "display":{
                    "title":"各チームの参加者一覧",
                    "detail":"各チームの参加者一覧を表示"
                },
                "commands":[
                    "function mobtamer:command/team/list/all"
                ],
                "states":[
                    ["","","",[]]
                ]
            },
            {
                "name":"join_common_team",
                "trigger":100,
                "display":{
                    "title":"共通チームに参加",
                    "detail":"このチームは村人たちとは敵対しません"
                },
                "commands":[
                    "function mobtamer:command/team/change/common"
                ],
                "states":[
                    ["","","",[]]
                ]
            },
            {
                "name":"join_red_team",
                "trigger":110,
                "display":{
                    "title":"赤チームに参加",
                    "detail":"このチームは村人たちと敵対します"
                },
                "commands":[
                    "function mobtamer:command/team/change/red"
                ],
                "states":[
                    ["","","",[]]
                ]
            },
            {
                "name":"join_blue_team",
                "trigger":120,
                "display":{
                    "title":"青チームに参加",
                    "detail":"このチームは村人たちと敵対します"
                },
                "commands":[
                    "function mobtamer:command/team/change/blue"
                ],
                "states":[
                    ["","","",[]]
                ]
            },
            {
                "name":"join_green_team",
                "trigger":130,
                "display":{
                    "title":"緑チームに参加",
                    "detail":"このチームは村人たちと敵対します"
                },
                "commands":[
                    "function mobtamer:command/team/change/green"
                ],
                "states":[
                    ["","","",[]]
                ]
            },
            {
                "name":"join_gold_team",
                "trigger":140,
                "display":{
                    "title":"橙チームに参加",
                    "detail":"このチームは村人たちと敵対します"
                },
                "commands":[
                    "function mobtamer:command/team/change/gold"
                ],
                "states":[
                    ["","","",[]]
                ]
            }
        ]
    },
    {
        "class":"tied_up",
        "title":"縛り設定",
        "each_player":false,
        "only_run_command":false,
        "contents":[
            {
                "name":"weakness",
                "trigger":150,
                "display":{
                    "title":"プレイヤーの攻撃力低下",
                    "detail":"プレイヤーの攻撃力と矢のダメージが1/10に低下し、トライデントを投げられなくなる"
                },
                "states":[
                    ["\"never\"","無効","gray",["execute as @a run function mobtamer:sys/player/status_update"]],
                    ["\"only_tame_challenge\"","テイムチャレンジ中のみ有効","yellow",["execute as @a run function mobtamer:sys/player/status_update"]],
                    ["\"always\"","常に有効","aqua",["execute as @a run function mobtamer:sys/player/status_update"]]
                ]
            }
        ]
    },
    {
        "class":"data_transfer",
        "title":"データ移行",
        "each_player":false,
        "only_run_command":true,
        "contents":[
            {
                "name":"data_transfer",
                "trigger":160,
                "display":{
                    "title":"データ移行",
                    "detail":"他のワールドにペットを持ち込む"
                },
                "commands":[
                    "function mobtamer:command/data_transfer"
                ],
                "states":[
                    ["","","",[]]
                ]
            }
        ]
    },
    {
        "class":"reset",
        "title":"データのリセット",
        "each_player":false,
        "only_run_command":false,
        "contents":[
            {
                "name":"player_data",
                "trigger":300,
                "display":{
                    "title":"プレイヤー情報全て",
                    "detail":"自身の達成したデータパック進捗やテイムした種類の記録を全て削除します"
                },
                "commands":[
                ],
                "states":[
                    ["0b","リセット","red",["function mobtamer:command/reset/player_all"]]
                ]
            },
            {
                "name":"tame_data",
                "trigger":310,
                "display":{
                    "title":"テイム情報",
                    "detail":"自身のテイムに関する記録を削除します"
                },
                "commands":[
                ],
                "states":[
                    ["0b","リセット","red",["function mobtamer:command/reset/player_tame"]]
                ]
            },
            {
                "name":"all",
                "trigger":320,
                "display":{
                    "title":"全てリセット",
                    "detail":"ログイン中のプレイヤー全員の進捗、テイム記録、解放された取引内容など、全てをリセットします（召喚中のペットは消滅します）"
                },
                "commands":[
                ],
                "states":[
                    ["0b","リセット","red",["function mobtamer:command/reset/all"]]
                ]
            }
        ]
    }
]