[
  {
    "function": "minecraft:set_lore",
    "entity": "this",
    "lore": [
      [
        {
          "text": "  "
        },
        {
          "translate":"attribute.name.generic.attack_damage",
          "color": "dark_green",
          "italic": false
        },{
          "text": " "
        },
        {
          "score": {
            "name": "$mt.pet.attack",
            "objective": "mt.score"
          },
          "color": "dark_green",
          "italic": false
        },
        {
          "text": " (",
          "color": "dark_green",
          "italic": false
        },
        {
          "score": {
            "name": "$mt.pet.attack.base",
            "objective": "mt.score"
          },
          "color": "dark_green",
          "italic": false
        },
        {
          "text": "+\uD83E\uDDCD",
          "color": "dark_green",
          "italic": false
        },
        {
          "score": {
            "name": "$mt.pet.attack.add.variant",
            "objective": "mt.score"
          },
          "color": "dark_green",
          "italic": false
        },
        {
          "text": "+\uD83D\uDDE1",
          "color": "dark_green",
          "italic": false
        },
        {
          "score": {
            "name": "$mt.pet.attack.add.weapon",
            "objective": "mt.score"
          },
          "color": "dark_green",
          "italic": false
        },
        {
          "text": "+↑",
          "color": "dark_green",
          "italic": false
        },
        {
          "score": {
            "name": "$mt.pet.attack.add.effect",
            "objective": "mt.score"
          },
          "color": "dark_green",
          "italic": false
        },
        {
          "text": ")",
          "color": "dark_green",
          "italic": false
        }
      ]
    ],
    "replace": false
  }
]
