[
  {
    "function": "minecraft:set_lore",
    "entity": "this",
    "lore": [
      [
        {
          "text": "  "
        },
        {
          "translate":"attribute.name.generic.movement_speed",
          "color": "dark_green",
          "italic": false
        },
        {
          "text": " "
        },
        {
          "score": {
            "name": "$mt.pet.speed",
            "objective": "mt.score"
          },
          "color": "dark_green",
          "italic": false
        },
        {
          "text": " (",
          "color": "dark_green",
          "italic": false
        },
        {
          "score": {
            "name": "$mt.pet.speed.base",
            "objective": "mt.score"
          },
          "color": "dark_green",
          "italic": false
        },
        {
          "text": "+↑",
          "color": "dark_green",
          "italic": false
        },
        {
          "score": {
            "name": "$mt.pet.speed.add.effect",
            "objective": "mt.score"
          },
          "color": "dark_green",
          "italic": false
        },
        {
          "text": ")",
          "color": "dark_green",
          "italic": false
        }
      ]
    ],
    "replace": false
  }
]
