{
  "type": "minecraft:generic",
  "pools": [
    {
      "rolls": 1,
      "entries": [
        {
          "type": "minecraft:item",
          "name": "minecraft:bow",
          "functions": [
            {
              "function": "minecraft:set_nbt",
              "tag": "{mt_equipment_part:mainhand,mt_pet_equipment:1b,tts_bow:1b,tts_bow_effect:0,tts_bow_chance:1,tts_bow_lv:1,tts_bow_slow:1,Enchantments:[{lvl:1,id:punch}],display:{Name:'[\"\",{\"text\":\"蟲惑魔弓\",\"italic\":false,\"color\":\"white\"}]'}}"
            },
            {
              "function": "minecraft:set_lore",
			  "entity": "this",
              "lore": [
				  [
					{
					  "text": "陷阱效果: ",
					  "color": "gray",
					  "italic": false
					},
					{
					  "translate": "effect.minecraft.instant_damage",
					  "color": "dark_green",
					  "italic": false
					}
				  ],
				  [
					{
					  "text": "效果等級: ",
					  "color": "gray",
					  "italic": false
					},
					{
					  "text": "1",
					  "color": "dark_green",
					  "italic": false
					}
				  ],
				  [
					{
					  "text": "緩速等級: ",
					  "color": "gray",
					  "italic": false
					},
					{
					  "text": "1",
					  "color": "dark_green",
					  "italic": false
					}
				  ],
				  [
					{
					  "text": "放置機率: ",
					  "color": "gray",
					  "italic": false
					},
					{
					  "text": "1",
					  "color": "dark_green",
					  "italic": false
					}
				  ]
              ]
            }
          ]
        }
      ]
    }
  ]
}