{
  "type": "minecraft:chest",
  "pools": [
    {
      "rolls": 1,
      "entries": [
        {
          "type": "minecraft:item",
          "name": "minecraft:cod_spawn_egg",
          "functions": [
            {
              "function": "minecraft:set_nbt",
              "tag": "{EntityTag:{id:skeleton,CustomName:'[{\"text\":\"sera\"}]',PersistenceRequired:1b,Silent:1b,Tags:[\"traptrix\"],HandItems:[{id:grass,Count:1}],ArmorItems:[{},{},{},{id:acacia_button,tag:{mt_equipment_part:head,mt_pet_equipment:1b,display:{Name:'[{\"text\":\"防太陽光按鈕\",\"italic\":false}]'}},Count:1}],HandDropChances:[0f],ArmorDropChances:[0f,0f,0f,0f]},display:{Name:'[{\"text\":\"sera egg\",\"italic\":false}]'}}"
			}
          ]
        },
        {
          "type": "minecraft:item",
          "name": "minecraft:cod_spawn_egg",
          "functions": [
            {
              "function": "minecraft:set_nbt",
              "tag": "{EntityTag:{id:skeleton,CustomName:'[{\"text\":\"dionaea\"}]',PersistenceRequired:1b,Silent:1b,Tags:[\"traptrix\"],HandItems:[{id:grass,Count:1}],ArmorItems:[{},{},{},{id:acacia_button,tag:{mt_equipment_part:head,mt_pet_equipment:1b,display:{Name:'[{\"text\":\"防太陽光按鈕\",\"italic\":false}]'}},Count:1}],HandDropChances:[0f],ArmorDropChances:[0f,0f,0f,0f]},display:{Name:'[{\"text\":\"dionaea egg\",\"italic\":false}]'}}"
            }
          ]
        },
        {
          "type": "minecraft:item",
          "name": "minecraft:cod_spawn_egg",
          "functions": [
            {
              "function": "minecraft:set_nbt",
              "tag": "{EntityTag:{id:skeleton,CustomName:'[{\"text\":\"allomerus\"}]',PersistenceRequired:1b,Silent:1b,Tags:[\"traptrix\"],HandItems:[{id:grass,Count:1}],ArmorItems:[{},{},{},{id:acacia_button,tag:{mt_equipment_part:head,mt_pet_equipment:1b,display:{Name:'[{\"text\":\"防太陽光按鈕\",\"italic\":false}]'}},Count:1}],HandDropChances:[0f],ArmorDropChances:[0f,0f,0f,0f]},display:{Name:'[{\"text\":\"allomerus egg\",\"italic\":false}]'}}"
            }
          ]
        },
        {
          "type": "minecraft:item",
          "name": "minecraft:cod_spawn_egg",
          "functions": [
            {
              "function": "minecraft:set_nbt",
              "tag": "{EntityTag:{id:skeleton,CustomName:'[{\"text\":\"vesiculo\"}]',PersistenceRequired:1b,Silent:1b,Tags:[\"traptrix\"],HandItems:[{id:grass,Count:1}],ArmorItems:[{},{},{},{id:acacia_button,tag:{mt_equipment_part:head,mt_pet_equipment:1b,display:{Name:'[{\"text\":\"防太陽光按鈕\",\"italic\":false}]'}},Count:1}],HandDropChances:[0f],ArmorDropChances:[0f,0f,0f,0f]},display:{Name:'[{\"text\":\"vesiculo egg\",\"italic\":false}]'}}"
            }
          ]
        },
        {
          "type": "minecraft:item",
          "name": "minecraft:cod_spawn_egg",
          "functions": [
            {
              "function": "minecraft:set_nbt",
              "tag": "{EntityTag:{id:skeleton,CustomName:'[{\"text\":\"myrmeleo\"}]',PersistenceRequired:1b,Silent:1b,Tags:[\"traptrix\"],HandItems:[{id:grass,Count:1}],ArmorItems:[{},{},{},{id:acacia_button,tag:{mt_equipment_part:head,mt_pet_equipment:1b,display:{Name:'[{\"text\":\"防太陽光按鈕\",\"italic\":false}]'}},Count:1}],HandDropChances:[0f],ArmorDropChances:[0f,0f,0f,0f]},display:{Name:'[{\"text\":\"myrmeleo egg\",\"italic\":false}]'}}"
            }
          ]
        },
        {
          "type": "minecraft:item",
          "name": "minecraft:cod_spawn_egg",
          "functions": [
            {
              "function": "minecraft:set_nbt",
              "tag": "{EntityTag:{id:skeleton,CustomName:'[{\"text\":\"genlisea\"}]',PersistenceRequired:1b,Silent:1b,Tags:[\"traptrix\"],HandItems:[{id:grass,Count:1}],ArmorItems:[{},{},{},{id:acacia_button,tag:{mt_equipment_part:head,mt_pet_equipment:1b,display:{Name:'[{\"text\":\"防太陽光按鈕\",\"italic\":false}]'}},Count:1}],HandDropChances:[0f],ArmorDropChances:[0f,0f,0f,0f]},display:{Name:'[{\"text\":\"genlisea egg\",\"italic\":false}]'}}"
            }
          ]
        },
        {
          "type": "minecraft:item",
          "name": "minecraft:cod_spawn_egg",
          "functions": [
            {
              "function": "minecraft:set_nbt",
              "tag": "{EntityTag:{id:skeleton,CustomName:'[{\"text\":\"rafflesia\"}]',PersistenceRequired:1b,Silent:1b,Tags:[\"traptrix\"],HandItems:[{id:grass,Count:1}],ArmorItems:[{},{},{},{id:acacia_button,tag:{mt_equipment_part:head,mt_pet_equipment:1b,display:{Name:'[{\"text\":\"防太陽光按鈕\",\"italic\":false}]'}},Count:1}],HandDropChances:[0f],ArmorDropChances:[0f,0f,0f,0f]},display:{Name:'[{\"text\":\"rafflesia egg\",\"italic\":false}]'}}"
            }
          ]
        },
        {
          "type": "minecraft:item",
          "name": "minecraft:cod_spawn_egg",
          "functions": [
            {
              "function": "minecraft:set_nbt",
              "tag": "{EntityTag:{id:skeleton,CustomName:'[{\"text\":\"nepenthes\"}]',PersistenceRequired:1b,Silent:1b,Tags:[\"traptrix\"],HandItems:[{id:grass,Count:1}],ArmorItems:[{},{},{},{id:acacia_button,tag:{mt_equipment_part:head,mt_pet_equipment:1b,display:{Name:'[{\"text\":\"防太陽光按鈕\",\"italic\":false}]'}},Count:1}],HandDropChances:[0f],ArmorDropChances:[0f,0f,0f,0f]},display:{Name:'[{\"text\":\"nepenthes egg\",\"italic\":false}]'}}"
            }
          ]
        },
        {
          "type": "minecraft:item",
          "name": "minecraft:cod_spawn_egg",
          "functions": [
            {
              "function": "minecraft:set_nbt",
              "tag": "{EntityTag:{id:skeleton,CustomName:'[{\"text\":\"atrax\"}]',PersistenceRequired:1b,Silent:1b,Tags:[\"traptrix\"],HandItems:[{id:grass,Count:1}],ArmorItems:[{},{},{},{id:acacia_button,tag:{mt_equipment_part:head,mt_pet_equipment:1b,display:{Name:'[{\"text\":\"防太陽光按鈕\",\"italic\":false}]'}},Count:1}],HandDropChances:[0f],ArmorDropChances:[0f,0f,0f,0f]},display:{Name:'[{\"text\":\"atrax egg\",\"italic\":false}]'}}"
            }
          ]
        },
        {
          "type": "minecraft:item",
          "name": "minecraft:cod_spawn_egg",
          "functions": [
            {
              "function": "minecraft:set_nbt",
              "tag": "{EntityTag:{id:skeleton,CustomName:'[{\"text\":\"mantis\"}]',PersistenceRequired:1b,Silent:1b,Tags:[\"traptrix\"],HandItems:[{id:grass,Count:1}],ArmorItems:[{},{},{},{id:acacia_button,tag:{mt_equipment_part:head,mt_pet_equipment:1b,display:{Name:'[{\"text\":\"防太陽光按鈕\",\"italic\":false}]'}},Count:1}],HandDropChances:[0f],ArmorDropChances:[0f,0f,0f,0f]},display:{Name:'[{\"text\":\"mantis egg\",\"italic\":false}]'}}"
            }
          ]
        },
        {
          "type": "minecraft:item",
          "name": "minecraft:cod_spawn_egg",
          "functions": [
            {
              "function": "minecraft:set_nbt",
              "tag": "{EntityTag:{id:skeleton,CustomName:'[{\"text\":\"cularia\"}]',PersistenceRequired:1b,Silent:1b,Tags:[\"traptrix\"],HandItems:[{id:grass,Count:1}],ArmorItems:[{},{},{},{id:acacia_button,tag:{mt_equipment_part:head,mt_pet_equipment:1b,display:{Name:'[{\"text\":\"防太陽光按鈕\",\"italic\":false}]'}},Count:1}],HandDropChances:[0f],ArmorDropChances:[0f,0f,0f,0f]},display:{Name:'[{\"text\":\"cularia egg\",\"italic\":false}]'}}"
            }
          ]
        },
        {
          "type": "minecraft:item",
          "name": "minecraft:cod_spawn_egg",
          "functions": [
            {
              "function": "minecraft:set_nbt",
              "tag": "{EntityTag:{id:skeleton,CustomName:'[{\"text\":\"pudica\"}]',PersistenceRequired:1b,Silent:1b,Tags:[\"traptrix\"],HandItems:[{id:grass,Count:1}],ArmorItems:[{},{},{},{id:acacia_button,tag:{mt_equipment_part:head,mt_pet_equipment:1b,display:{Name:'[{\"text\":\"防太陽光按鈕\",\"italic\":false}]'}},Count:1}],HandDropChances:[0f],ArmorDropChances:[0f,0f,0f,0f]},display:{Name:'[{\"text\":\"pudica egg\",\"italic\":false}]'}}"
            }
          ]
        },
        {
          "type": "minecraft:item",
          "name": "minecraft:cod_spawn_egg",
          "functions": [
            {
              "function": "minecraft:set_nbt",
              "tag": "{EntityTag:{id:skeleton,CustomName:'[{\"text\":\"arachnocampa\"}]',PersistenceRequired:1b,Silent:1b,Tags:[\"traptrix\"],HandItems:[{id:grass,Count:1}],ArmorItems:[{},{},{},{id:acacia_button,tag:{mt_equipment_part:head,mt_pet_equipment:1b,display:{Name:'[{\"text\":\"防太陽光按鈕\",\"italic\":false}]'}},Count:1}],HandDropChances:[0f],ArmorDropChances:[0f,0f,0f,0f]},display:{Name:'[{\"text\":\"arachnocampa egg\",\"italic\":false}]'}}"
            }
          ]
        },
        {
          "type": "minecraft:item",
          "name": "minecraft:cod_spawn_egg",
          "functions": [
            {
              "function": "minecraft:set_nbt",
              "tag": "{EntityTag:{id:skeleton,CustomName:'[{\"text\":\"pinguicula\"}]',PersistenceRequired:1b,Silent:1b,Tags:[\"traptrix\"],HandItems:[{id:grass,Count:1}],ArmorItems:[{},{},{},{id:acacia_button,tag:{mt_equipment_part:head,mt_pet_equipment:1b,display:{Name:'[{\"text\":\"防太陽光按鈕\",\"italic\":false}]'}},Count:1}],HandDropChances:[0f],ArmorDropChances:[0f,0f,0f,0f]},display:{Name:'[{\"text\":\"pinguicula egg\",\"italic\":false}]'}}"
            }
          ]
        },
        {
          "type": "minecraft:item",
          "name": "minecraft:cod_spawn_egg",
          "functions": [
            {
              "function": "minecraft:set_nbt",
              "tag": "{EntityTag:{id:skeleton,CustomName:'[{\"text\":\"atypus\"}]',PersistenceRequired:1b,Silent:1b,Tags:[\"traptrix\"],HandItems:[{id:grass,Count:1}],ArmorItems:[{},{},{},{id:acacia_button,tag:{mt_equipment_part:head,mt_pet_equipment:1b,display:{Name:'[{\"text\":\"防太陽光按鈕\",\"italic\":false}]'}},Count:1}],HandDropChances:[0f],ArmorDropChances:[0f,0f,0f,0f]},display:{Name:'[{\"text\":\"atypus egg\",\"italic\":false}]'}}"
            }
          ]
        },
        {
          "type": "minecraft:item",
          "name": "minecraft:cod_spawn_egg",
          "functions": [
            {
              "function": "minecraft:set_nbt",
              "tag": "{EntityTag:{id:skeleton,CustomName:'[{\"text\":\"holeutea\"}]',PersistenceRequired:1b,Silent:1b,Tags:[\"traptrix\"],HandItems:[{id:grass,Count:1}],ArmorItems:[{},{},{},{id:acacia_button,tag:{mt_equipment_part:head,mt_pet_equipment:1b,display:{Name:'[{\"text\":\"防太陽光按鈕\",\"italic\":false}]'}},Count:1}],HandDropChances:[0f],ArmorDropChances:[0f,0f,0f,0f]},display:{Name:'[{\"text\":\"holeutea egg\",\"italic\":false}]'}}"
            }
          ]
        }
      ]
    }
  ]
}
