{
  "display": {
    "title": "Miracle Encounter",
    "description": [
      {
        "text": "Tame mobs with a full set of diamond armor"
      }
    ],
    "icon": {
      "item": "minecraft:diamond_chestplate"
    },
    "hidden": true,
    "frame": "challenge"
  },
  "parent": "mobtamer:mobtamer/tame/unique/full_golden",
  "criteria": {
    "enter": {
      "trigger": "minecraft:impossible"
    }
  },
  "rewards": {
    "function": "mobtamer:sys/player/advancement/mobtamer/tame/unique/full_diamond"
  }
}