{
  "pools": [
    {
      "rolls": 1,
      "entries": [
        {
          "type": "minecraft:item",
          "name": "minecraft:wooden_axe",
          "weight": 5
        },
        {
          "type": "minecraft:item",
          "name": "minecraft:stone_axe",
          "weight": 6
        },
        {
          "type": "minecraft:item",
          "name": "minecraft:iron_axe",
          "weight": 4
        },
        {
          "type": "minecraft:item",
          "name": "minecraft:golden_axe",
          "weight": 4
        },
        {
          "type": "minecraft:item",
          "name": "minecraft:diamond_axe",
          "weight": 1
        }
      ],
      "functions": [
        {
          "function": "minecraft:reference",
          "name": "traptrix_spawn:imd_set_mt_equip_mainhand"
        }
      ]
    }
  ]
}
