{
  "pools": [
    {
      "rolls": 1,
      "entries": [
        {
          "type": "minecraft:item",
          "name": "minecraft:leather_helmet",
          "weight": 10
        },
        {
          "type": "minecraft:item",
          "name": "minecraft:chainmail_helmet",
          "weight": 5
        },
        {
          "type": "minecraft:item",
          "name": "minecraft:iron_helmet",
          "weight": 5
        },
        {
          "type": "minecraft:item",
          "name": "minecraft:golden_helmet",
          "weight": 4
        },
        {
          "type": "minecraft:item",
          "name": "minecraft:diamond_helmet",
          "weight": 1
        },
        {
          "type": "minecraft:item",
          "name": "minecraft:turtle_helmet",
          "weight": 2
        }
      ],
      "functions": [
        {
          "function": "minecraft:reference",
          "name": "traptrix_spawn:imd_set_mt_equip_head"
        },
        {
          "function": "minecraft:reference",
          "name": "traptrix_spawn:imd_set_mt_equip_tt_head",
          "conditions": [
            {
              "condition": "minecraft:random_chance",
              "chance": 0.5
            }
          ]
        }
      ]
    }
  ]
}
