{
  "pools": [
    {
      "rolls": 1,
      "entries": [
        {
          "type": "minecraft:item",
          "name": "minecraft:leather_chestplate",
          "weight": 10
        },
        {
          "type": "minecraft:item",
          "name": "minecraft:chainmail_chestplate",
          "weight": 5
        },
        {
          "type": "minecraft:item",
          "name": "minecraft:iron_chestplate",
          "weight": 5
        },
        {
          "type": "minecraft:item",
          "name": "minecraft:golden_chestplate",
          "weight": 4
        },
        {
          "type": "minecraft:item",
          "name": "minecraft:diamond_chestplate",
          "weight": 1
        }
      ],
      "functions": [
        {
          "function": "minecraft:reference",
          "name": "traptrix_spawn:imd_set_mt_equip_chest"
        },
        {
          "function": "minecraft:reference",
          "name": "traptrix_spawn:imd_set_mt_equip_tt_chest",
          "conditions": [
            {
              "condition": "minecraft:random_chance",
              "chance": 0.5
            }
          ]
        }
      ]
    }
  ]
}
