{
  "display": {
    "title": "Tied up Challenge Lv.4",
    "description": [
      {
        "text": "Tame iron golem in tied-up mode"
      }
    ],
    "icon": {
      "item": "minecraft:iron_golem_spawn_egg"
    },
    "frame": "challenge"
  },
  "parent": "mobtamer:mobtamer/challenge/weakness/wither_skeleton",
  "criteria": {
    "enter": {
      "trigger": "minecraft:impossible"
    }
  },
  "rewards": {
    "function": "mobtamer:sys/player/advancement/mobtamer/challenge/weakness/iron_golem"
  }
}