{
  "display": {
    "title": "Tied up Challenge Lv.3",
    "description": [
      {
        "text": "Tame wither skeleton in tied-up mode"
      }
    ],
    "icon": {
      "item": "minecraft:wither_skeleton_spawn_egg"
    },
    "frame": "challenge"
  },
  "parent": "mobtamer:mobtamer/challenge/weakness/zombie",
  "criteria": {
    "enter": {
      "trigger": "minecraft:impossible"
    }
  },
  "rewards": {
    "function": "mobtamer:sys/player/advancement/mobtamer/challenge/weakness/wither_skeleton"
  }
}