[
  {
    "function": "minecraft:set_lore",
    "entity": "this",
    "lore": [
	  [
        {
          "text": "陷阱效果: ",
          "color": "gray",
          "italic": false
        },
        {
          "translate": "effect.minecraft.instant_damage",
          "color": "dark_green",
          "italic": false
        }
	  ]
    ],
    "conditions": [
      {
        "condition": "minecraft:entity_scores",
        "entity": "this",
        "scores": {
          "tts_bow_effect": 0
        }
      }
    ]
  },
  {
    "function": "minecraft:set_lore",
    "entity": "this",
    "lore": [
      [
        {
        "text": "陷阱效果: ",
          "color": "gray",
          "italic": false
        },
        {
          "translate": "effect.minecraft.poison",
          "color": "dark_green",
          "italic": false
        }
	  ]
    ],
    "conditions": [
      {
        "condition": "minecraft:entity_scores",
        "entity": "this",
        "scores": {
          "tts_bow_effect": 1
        }
      }
    ]
  },
  {
    "function": "minecraft:set_lore",
    "entity": "this",
    "lore": [
	  [
        {
          "text": "陷阱效果: ",
          "color": "gray",
          "italic": false
        },
        {
          "translate": "effect.minecraft.wither",
          "color": "dark_green",
          "italic": false
        }
	  ]
    ],
    "conditions": [
      {
        "condition": "minecraft:entity_scores",
        "entity": "this",
        "scores": {
          "tts_bow_effect": 2
        }
      }
    ]
  },
  {
    "function": "minecraft:set_lore",
    "entity": "this",
    "lore": [
	  [
        {
          "text": "陷阱效果: ",
          "color": "gray",
          "italic": false
        },
        {
          "text": "點燃",
          "color": "dark_green",
          "italic": false
        }
	  ]
    ],
    "conditions": [
      {
        "condition": "minecraft:entity_scores",
        "entity": "this",
        "scores": {
          "tts_bow_effect": 3
        }
      }
    ]
  },
  {
    "function": "minecraft:set_lore",
    "entity": "this",
    "lore": [
	  [
        {
          "text": "陷阱效果: ",
          "color": "gray",
          "italic": false
        },
        {
          "text": "冰凍",
          "color": "dark_green",
          "italic": false
        }
	  ]
    ],
    "conditions": [
      {
        "condition": "minecraft:entity_scores",
        "entity": "this",
        "scores": {
          "tts_bow_effect": 4
        }
      }
    ]
  },
  {
    "function": "minecraft:set_lore",
    "entity": "this",
    "lore": [
      [
        {
          "text": "陷阱效果: ",
          "color": "gray",
          "italic": false
        },
        {
          "translate": "effect.minecraft.weakness",
          "color": "dark_green",
          "italic": false
        }
	  ]
    ],
    "conditions": [
      {
        "condition": "minecraft:entity_scores",
        "entity": "this",
        "scores": {
          "tts_bow_effect": 5
        }
      }
    ]
  }
]