{
  "pools": [
    {
      "rolls": 1,
      "entries": [
        {
          "type": "minecraft:loot_table",
          "name": "traptrix_spawn:mt_equip_mainhand_sword"
        },
        {
          "type": "minecraft:loot_table",
          "name": "traptrix_spawn:mt_equip_mainhand_axe"
        },
        {
          "type": "minecraft:loot_table",
          "name": "traptrix_spawn:mt_equip_mainhand_pickaxe"
        },
        {
          "type": "minecraft:loot_table",
          "name": "traptrix_spawn:mt_equip_mainhand_hoe"
        },
        {
          "type": "minecraft:loot_table",
          "name": "traptrix_spawn:mt_equip_mainhand_shovel"
        },
        {
          "type": "minecraft:loot_table",
          "name": "traptrix_spawn:mt_equip_mainhand_other"
        }
      ]
    }
  ]
}
