[
  {
    "function": "minecraft:set_lore",
    "entity": "this",
    "lore": [
      [
        {
          "text": "  ",
          "color": "white",
          "italic": false
        },
        {
          "text": "移動速度 ",
          "color": "dark_green",
          "italic": false
        },
        {
          "score": {
            "name": "$mt.pet.speed",
            "objective": "mt.score"
          },
          "color": "dark_green",
          "italic": false
        }
      ]
    ],
    "replace": false
  }
]
