[
  {
    "function": "minecraft:set_lore",
    "entity": "this",
    "lore": [
      [
        {
          "text": "  "
        },
        {
          "translate":"attribute.name.generic.armor",
          "color": "dark_green",
          "italic": false
        },
        {
          "text": " "
        },
        {
          "score": {
            "name": "$mt.pet.armor",
            "objective": "mt.score"
          },
          "color": "dark_green",
          "italic": false
        },
        {
          "text": " (",
          "color": "dark_green",
          "italic": false
        },
        {
          "score": {
            "name": "$mt.pet.armor.base",
            "objective": "mt.score"
          },
          "color": "dark_green",
          "italic": false
        },
        {
          "text": "+👕",
          "color": "dark_green",
          "italic": false
        },
        {
          "score": {
            "name": "$mt.pet.armor.add.weapon",
            "objective": "mt.score"
          },
          "color": "dark_green",
          "italic": false
        },
        {
          "text": ")",
          "color": "dark_green",
          "italic": false
        }
      ]
    ],
    "replace": false
  }
]
